,key,value
0,nan,33
1,learning environment,14
2,paper describes,9
3,paper present,4
4,problem solving,4
5,teaching learning,3
6,student learning,3
7,student use,3
8,student performed,3
9,use computer,3
10,case study,3
11,authoring tool,3
12,computer-based learning,3
13,learning problem,3
14,environment student,3
15,learning process,3
16,science student,3
17,teacher student,2
18,facilitate student,2
19,real world,2
20,understanding student,2
21,system based,2
22,affect use,2
23,hypermedia system,2
24,lesson learned,2
25,knowledge building,2
26,learning activity,2
27,human tutor,2
28,tutoring system,2
29,student work,2
30,intelligent tutoring,2
31,expert human,2
32,allows student,2
33,system student,2
34,make prediction,2
35,student population,2
36,student learn,2
37,conceptual change,2
38,student using,2
39,high school,2
40,promote learning,2
41,mental model,2
42,two study,2
43,case-based learning,2
44,educational researcher,2
45,child 's,2
46,teaching strategy,2
47,major impact,2
48,tool used,2
49,problem situation,2
50,learning pbl,2
51,realistic analysis,2
52,problem-based learning,2
53,classroom practice,2
54,two approach,2
55,model learning,2
56,approach education,2
57,`` learning,2
58,student need,2
59,learning '',2
60,pedagogical goal,2
61,structure learning,2
62,teaching particular,2
63,science mathematics,2
64,system support,2
65,tool help,2
66,knowledge base,2
67,learning experience,2
68,multiple perspective,2
69,paper report,2
70,result showed,2
71,knowledge complex,2
72,knowledge knowledge,2
73,research teacher,2
74,research project,2
75,enhance learning,2
76,use system,2
77,learning opportunity,2
78,paper introduces,2
79,describes new,2
80,using architecture,2
81,environment developed,2
82,science class,2
83,problem-solving activity,2
84,paper focus,2
85,student design,2
86,provide student,2
87,student create,2
88,design task,2
89,environment paper,2
90,paper discus,2
91,study one,2
92,addition subtraction,2
93,learning material,1
94,challenge faced,1
95,digital library,1
96,line resource,1
97,library umdl,1
98,creating finding,1
99,standard teaching,1
100,michigan digital,1
101,experience using,1
102,designing technological,1
103,report experience,1
104,investigate meaningful,1
105,faced teacher,1
106,initial report,1
107,design standard,1
108,challenge posed,1
109,promote sustained,1
110,sustained inquiry,1
111,student investigate,1
112,well challenge,1
113,posed creating,1
114,using on-line,1
115,support science,1
116,project provides,1
117,guideline design,1
118,science inquiry,1
119,useful content,1
120,umdl project,1
121,resource paper,1
122,material method,1
123,on-line resource,1
124,inquiry science,1
125,university michigan,1
126,present initial,1
127,question on-line,1
128,science classroom,1
129,resource promote,1
130,examine challenge,1
131,technological tool,1
132,content designing,1
133,meaningful question,1
134,provides guideline,1
135,method support,1
136,using line,1
137,inquiry using,1
138,student well,1
139,finding useful,1
140,tool student,1
141,classroom examine,1
142,ground merely,1
143,visible manipulable,1
144,first version,1
145,scratch student,1
146,goal device,1
147,find middle,1
148,student construct,1
149,chemical engineering,1
150,middle ground,1
151,behavior system,1
152,establish realistic,1
153,simulation level,1
154,modeling task,1
155,world problem,1
156,malleable modeling,1
157,view manipulate,1
158,actually complete,1
159,level simulation,1
160,device hope,1
161,simulation building,1
162,realistic context,1
163,system device,1
164,need malleable,1
165,construct model,1
166,evaluation model,1
167,executing simulation,1
168,model explain,1
169,showed model,1
170,dynamic environment,1
171,form easily,1
172,construction model,1
173,version device,1
174,modeling level,1
175,learn modeling,1
176,environment visualization,1
177,visualization chemical,1
178,student able,1
179,simulated environment,1
180,allowed student,1
181,student theoretical,1
182,user test,1
183,simulation device,1
184,easily connects,1
185,device dynamic,1
186,learning construction,1
187,student view,1
188,manipulable represented,1
189,model evaluation,1
190,model need,1
191,hope find,1
192,engineering facilitate,1
193,problem simulated,1
194,complete learn,1
195,solve real,1
196,test showed,1
197,device student,1
198,one scratch,1
199,manipulate model,1
200,represented form,1
201,model underlying,1
202,merely viewing,1
203,device allowed,1
204,viewing simulation,1
205,able actually,1
206,context model,1
207,building one,1
208,visualization help,1
209,connects student,1
210,task first,1
211,simulation visible,1
212,explain behavior,1
213,help establish,1
214,student solve,1
215,model executing,1
216,theoretical understanding,1
217,underlying simulation,1
218,model user,1
219,browsing order,1
220,learning refer,1
221,type student,1
222,use behavior,1
223,answer specific,1
224,different orienting,1
225,based cognitive,1
226,e.g. definition,1
227,system ram,1
228,problem-solving problem-solving,1
229,medium type,1
230,definition explanation,1
231,problem-solving browsing,1
232,stu_dents bring,1
233,self-explanations found,1
234,found significant,1
235,learning difference,1
236,organized around,1
237,medium link,1
238,amp stasko,1
239,problem-solving prompted,1
240,stasko 1995,1
241,though learning,1
242,ram shikano,1
243,explanation pseudo-code,1
244,explored student,1
245,bring learning,1
246,refer medium,1
247,order answer,1
248,usability hypermedia,1
249,hypothesis goal,1
250,cognitive medium,1
251,designed learning,1
252,type recker,1
253,specific question,1
254,difference use,1
255,leake 1995,1
256,believe identifying,1
257,cognitive role,1
258,use hypermedia,1
259,improve comprehension,1
260,identifying medium,1
261,1995 hypothesis,1
262,ram amp,1
263,link organized,1
264,browsing student,1
265,prompted self-explanations,1
266,learning task,1
267,task undirected,1
268,goal stu_dents,1
269,1995 explored,1
270,shikano li,1
271,performed different,1
272,undirected browsing,1
273,amp leake,1
274,behavior problem-solving,1
275,system designed,1
276,support system,1
277,recker ram,1
278,student though,1
279,comprehension usability,1
280,role cognitive,1
281,significant difference,1
282,orienting task,1
283,pseudo-code visualization,1
284,medium cognitive,1
285,role e.g.,1
286,hypermedia support,1
287,task affect,1
288,li amp,1
289,visualization improve,1
290,question problem-solving,1
291,around cognitive,1
292,collaboration multiplicity,1
293,building framework,1
294,learning collaboration,1
295,active learning,1
296,design goal,1
297,history experience,1
298,networked learning,1
299,course design,1
300,decade field,1
301,based principle,1
302,class management,1
303,build lesson,1
304,main design,1
305,design virtual-utm,1
306,made design,1
307,online course,1
308,presented illustrate,1
309,one main,1
310,consists tool,1
311,virtual-utm build,1
312,experience user,1
313,delivery enhancement,1
314,design system,1
315,design delivery,1
316,flexible framework,1
317,pedagogy based,1
318,activity including,1
319,activity knowledge,1
320,decision made,1
321,behind decision,1
322,knowledge structuring,1
323,goal provide,1
324,advanced pedagogy,1
325,individual group,1
326,tool support,1
327,design individual,1
328,description virtual-utm,1
329,initial experience,1
330,user reported,1
331,including course,1
332,customized design,1
333,framework support,1
334,management evaluation,1
335,experience presented,1
336,education one,1
337,provide flexible,1
338,principle active,1
339,group learning,1
340,motivation behind,1
341,evaluation design,1
342,illustrate motivation,1
343,multiplicity knowledge,1
344,research online,1
345,learned initial,1
346,wide web-based,1
347,virtual-utm lesson,1
348,support advanced,1
349,post-secondary education,1
350,system description,1
351,delivery brief,1
352,web-based networked,1
353,structuring class,1
354,learned decade,1
355,field research,1
356,enhancement post-secondary,1
357,framework consists,1
358,environment customized,1
359,virtual-utm world,1
360,support core,1
361,course delivery,1
362,brief history,1
363,world wide,1
364,core activity,1
365,system differ,1
366,domain student,1
367,help literature,1
368,difference affect,1
369,learn reason,1
370,session basis,1
371,computer tutoring,1
372,effect followed,1
373,two expert,1
374,employ many,1
375,require student,1
376,systematic study,1
377,cst protocol,1
378,disturbance circulatory,1
379,happens it,1
380,protocol human,1
381,mentioned intelligent,1
382,human tutoring,1
383,ensuing qualitative,1
384,ask help,1
385,hint occasionally,1
386,occasionally mentioned,1
387,dialogue protocol,1
388,knowledge domain,1
389,followed interactive,1
390,tactic virtually,1
391,differ tutoring,1
392,tutor reveals,1
393,blood pressure,1
394,study human,1
395,problem hint,1
396,basis design,1
397,tutoring protocol,1
398,problem explicitly,1
399,protocol allows,1
400,question although,1
401,design cst,1
402,tutoring session,1
403,first year,1
404,use hint,1
405,regulation study,1
406,literature example,1
407,causal effect,1
408,literature systematic,1
409,pressure regulation,1
410,virtually always,1
411,work problem,1
412,begin explanation,1
413,problem disturbance,1
414,rarely happens,1
415,protocol knowledge,1
416,ask question,1
417,training system,1
418,interactive dialogue,1
419,many tactic,1
420,system literature,1
421,population difference,1
422,explicitly ask,1
423,year medical,1
424,although rarely,1
425,it automated,1
426,designed assist,1
427,medical student,1
428,human computer,1
429,example system,1
430,prediction ensuing,1
431,study phenomenon,1
432,phenomenon circsim-tutor,1
433,try hinting,1
434,always try,1
435,remedy problem,1
436,session begin,1
437,system require,1
438,qualitative causal,1
439,study two,1
440,reason blood,1
441,circulatory system,1
442,automated training,1
443,assist first,1
444,student make,1
445,cst designed,1
446,student ask,1
447,reveals employ,1
448,circsim-tutor cst,1
449,explanation problem,1
450,hinting remedy,1
451,school foster,1
452,culture understanding,1
453,student community,1
454,foster culture,1
455,call change,1
456,tool paper,1
457,restructuring call,1
458,school restructuring,1
459,without tool,1
460,computer networking,1
461,network kid,1
462,different kind,1
463,change setting,1
464,reviewed include,1
465,deploy different,1
466,innovative tool,1
467,network reviewed,1
468,describes network,1
469,teacher change,1
470,establish community,1
471,labnet paper,1
472,describes innovative,1
473,network labnet,1
474,community teacher,1
475,kind communication,1
476,teacher scholar,1
477,professional development,1
478,scholar network,1
479,device researcher,1
480,atlas community,1
481,development use,1
482,researcher learned,1
483,change without,1
484,networking establish,1
485,communication device,1
486,learned teacher,1
487,network operate,1
488,community network,1
489,operate way,1
490,kid network,1
491,include atlas,1
492,way deploy,1
493,tool professional,1
494,change lesson,1
495,problem main,1
496,question experiment,1
497,problem-solving module,1
498,knowledge also,1
499,evolution thematic,1
500,learn neo-darwinian,1
501,research conceptual,1
502,solving evolutionary,1
503,environment promote,1
504,hypermedia environment,1
505,variability neo-darwinian,1
506,significant change,1
507,recent cognitive,1
508,written assessment,1
509,collected written,1
510,make explicit,1
511,experiment collected,1
512,thematic investigator,1
513,assessment measure,1
514,guided thematic,1
515,verbal protocol,1
516,lesson multiple,1
517,hypermedia program,1
518,knowledge synthesis,1
519,model evolution,1
520,evolutionary biology,1
521,case evolutionary,1
522,indicated significant,1
523,school student,1
524,commentary make,1
525,study question,1
526,number feature,1
527,biology case-theme,1
528,case-based hypermedia,1
529,multiple case,1
530,scaffolded problem-solving,1
531,biology problem,1
532,criss-crossing knowledge,1
533,measure detailed,1
534,neo-darwinian model,1
535,thematic criss-crossing,1
536,hypermedia learning,1
537,on-line scaffolded,1
538,protocol interview,1
539,module guided,1
540,program solving,1
541,program number,1
542,synthesis study,1
543,investigator help,1
544,complex knowledge,1
545,experimental finding,1
546,evolution design,1
547,learning theory,1
548,interview eight,1
549,situated variability,1
550,research learning,1
551,help learn,1
552,case-theme commentary,1
553,change complex,1
554,model on-line,1
555,study high,1
556,evolution hypermedia,1
557,feature based,1
558,design hypermedia,1
559,explicit situated,1
560,evolution implication,1
561,theory research,1
562,neo-darwinian mental,1
563,based recent,1
564,finding indicated,1
565,environment evolution,1
566,detailed verbal,1
567,using program,1
568,student mental,1
569,describes study,1
570,eight student,1
571,main experimental,1
572,learning evolution,1
573,implication research,1
574,cognitive learning,1
575,also considered,1
576,change student,1
577,using case-based,1
578,learning conceptual,1
579,learner argument,1
580,criterion addressed,1
581,prompting performance,1
582,addressed learner,1
583,environment conducted,1
584,enhanced coherence,1
585,performance refection,1
586,coerence argument,1
587,conducted first,1
588,included justification,1
589,performance accounted,1
590,reflection enhanced,1
591,first study,1
592,second study,1
593,modeling prompting,1
594,number reflective,1
595,modeling performance,1
596,number criterion,1
597,role modeling,1
598,study modeling,1
599,argument coerence,1
600,performance plus,1
601,accounted number,1
602,study examining,1
603,reflective statement,1
604,examining role,1
605,plus reflection,1
606,statement included,1
607,coherence number,1
608,argument second,1
609,refection case-based,1
610,fraction representation,1
611,activity context,1
612,social interaction,1
613,mathematical thinking,1
614,attention contribution,1
615,identify progression,1
616,education many,1
617,making activity,1
618,student mathematical,1
619,within many,1
620,game teach,1
621,connection formal,1
622,school-students designed,1
623,fraction student,1
624,fashion identify,1
625,design game,1
626,find connection,1
627,also provides,1
628,context game-making,1
629,need educational,1
630,context argue,1
631,examined paper,1
632,`` real,1
633,world '',1
634,addition paid,1
635,scene situation,1
636,game context,1
637,'' child,1
638,playing learning,1
639,inhabit ``,1
640,game making,1
641,teach fraction,1
642,many ``,1
643,thinking addition,1
644,context inhabit,1
645,interaction increasing,1
646,microgenetic fashion,1
647,student social,1
648,interaction microgenetic,1
649,contribution student,1
650,game playing,1
651,four elementary,1
652,sophistication fraction,1
653,situation design,1
654,game-making relevant,1
655,child explore,1
656,elementary school-students,1
657,activity examined,1
658,computer game,1
659,progression student,1
660,researcher find,1
661,explore mathematical,1
662,session four,1
663,provides opportunity,1
664,present analysis,1
665,mathematical idea,1
666,benefit game,1
667,designed computer,1
668,paid close,1
669,'' also,1
670,formal education,1
671,learning benefit,1
672,many activity,1
673,analysis design,1
674,paper context,1
675,child research,1
676,argue paper,1
677,close attention,1
678,analyzed design,1
679,research potential,1
680,opportunity child,1
681,potential game,1
682,design session,1
683,relevant child,1
684,design interaction,1
685,student analyzed,1
686,idea within,1
687,representation game,1
688,increasing sophistication,1
689,'s ``,1
690,'' scene,1
691,commitment pedagogy,1
692,educator create,1
693,program relative,1
694,goal-based scenario,1
695,model teaching,1
696,educator concentrate,1
697,education need,1
698,instructional content,1
699,building multimedia,1
700,pedagogical model,1
701,tutoring program,1
702,make major,1
703,pedagogy tool,1
704,explicit model,1
705,educator building,1
706,it assist,1
707,intended educator,1
708,demonstrate case,1
709,relative ease,1
710,system order,1
711,term pedagogy,1
712,model ensures,1
713,tool scale,1
714,resulting software,1
715,environment using,1
716,create quality,1
717,concentrate curriculum,1
718,prototype authoring,1
719,model cumbersome,1
720,pedagogy hand,1
721,pedagogically sound,1
722,deploy technology,1
723,hand commercial,1
724,implicitly tool,1
725,order deploy,1
726,cumbersome educator,1
727,curriculum content,1
728,tool ease,1
729,hand construction,1
730,software pedagogically,1
731,scenario igbs,1
732,combine commitment,1
733,however tool,1
734,scale construction,1
735,need tool,1
736,embedding pedagogical,1
737,environment make,1
738,content demonstrate,1
739,quality tutoring,1
740,assist educator,1
741,using embedded,1
742,system it,1
743,off-the-shelf tool,1
744,ensures resulting,1
745,strategy student,1
746,educator ease,1
747,although resulting,1
748,require author,1
749,many require,1
750,guidance term,1
751,study prototype,1
752,approach combine,1
753,tool intelligent,1
754,used educator,1
755,authoring tutoring,1
756,student model,1
757,impact education,1
758,model implicitly,1
759,tool embedding,1
760,construction system,1
761,content many,1
762,tool investigative,1
763,investigative goal-based,1
764,technology one,1
765,ease authoring,1
766,provide guidance,1
767,environment however,1
768,encode instructional,1
769,one hand,1
770,resulting learning,1
771,helping encode,1
772,educator authoring,1
773,author specify,1
774,construction tool,1
775,freeing educator,1
776,multimedia learning,1
777,tool provide,1
778,builder intended,1
779,embedded pedagogical,1
780,commercial authoring,1
781,ease construction,1
782,igbs builder,1
783,model although,1
784,specify explicit,1
785,model situated,1
786,tool embedded,1
787,encoding model,1
788,authoring off-the-shelf,1
789,sound freeing,1
790,environment pedagogically,1
791,embedded model,1
792,pedagogically principled,1
793,construction learning,1
794,principled encoding,1
795,ease approach,1
796,situated instruction,1
797,system helping,1
798,situation constant,1
799,intelligent computer,1
800,two college,1
801,performed 50,1
802,real-world problem,1
803,pat approach,1
804,classroom evaluation,1
805,'' --,1
806,mathematical representational,1
807,computer tutor,1
808,tutor ``,1
809,report describes,1
810,environment present,1
811,background support,1
812,evaluation showed,1
813,pat outperformed,1
814,support ``,1
815,algebra tutor,1
816,using pat,1
817,reform objective,1
818,theory cognition,1
819,present student,1
820,pat two,1
821,approach consistent,1
822,class 15,1
823,representational tool,1
824,constant background,1
825,previous classroom,1
826,'' college-level,1
827,standardized test,1
828,showed high-school,1
829,college pat,1
830,use mathematical,1
831,pat student,1
832,assessment assessment,1
833,situation capture,1
834,capture reform,1
835,test 100,1
836,analyze real-world,1
837,outperformed student,1
838,act theory,1
839,consistent new,1
840,mathematical representation,1
841,performance-based assessment,1
842,adaptation practical,1
843,assessment authentic,1
844,modern mathematical,1
845,situation modern,1
846,50 better,1
847,class performance-based,1
848,national standard,1
849,mathematics initial,1
850,representation analyze,1
851,tool analyze,1
852,authentic problem-solving,1
853,`` cognitive,1
854,pat '',1
855,better student,1
856,requires student,1
857,college-level developmental,1
858,site pat,1
859,15 standardized,1
860,initial evaluation,1
861,evaluation pat,1
862,developmental mathematics,1
863,-- intelligent,1
864,cognitive tutor,1
865,analyze situation,1
866,standard mathematics,1
867,regular class,1
868,100 assessment,1
869,based act,1
870,objective pat,1
871,student real-world,1
872,describes adaptation,1
873,student regular,1
874,tutor '',1
875,cognition previous,1
876,new national,1
877,tutor based,1
878,pat software,1
879,practical algebra,1
880,software learning,1
881,problem-solving two,1
882,high-school student,1
883,`` pat,1
884,college site,1
885,assessment requires,1
886,available resource,1
887,deep effective,1
888,kind realistic,1
889,guideline material,1
890,affordances feedback,1
891,cbr 's,1
892,added concreteness,1
893,constructivist tradition,1
894,cbr provides,1
895,situating learning,1
896,suggest guideline,1
897,experience case,1
898,collect data,1
899,modem education,1
900,successful approach,1
901,provide powerful,1
902,computational account,1
903,access old,1
904,practice sound,1
905,reasoning activity,1
906,quality environment,1
907,solving situation,1
908,'s suggestion,1
909,made available,1
910,hypothesis collect,1
911,situation must,1
912,solving problem,1
913,curriculum two,1
914,detail paper,1
915,quality good,1
916,tradition one,1
917,determine data,1
918,analysis investigation,1
919,reasoning suggest,1
920,community agrees,1
921,plausible model,1
922,theory methodology,1
923,educational practice,1
924,activity many,1
925,provides plausible,1
926,sequencing curriculum,1
927,research case-based,1
928,data determine,1
929,must make,1
930,practice constructivist,1
931,provide added,1
932,put student,1
933,combine lesson,1
934,approach complement,1
935,practice put,1
936,enhance problem-based,1
937,transfer quality,1
938,educational theory,1
939,access access,1
940,knowledge access,1
941,student situation,1
942,investigation research,1
943,promote transfer,1
944,problem quality,1
945,learned classroom,1
946,already well-worked-out,1
947,place constructivist,1
948,resource kind,1
949,agrees deep,1
950,together believe,1
951,e.g. affordances,1
952,especially knowledge,1
953,promoted situating,1
954,well-worked-out successful,1
955,experience reasoning,1
956,environment problem,1
957,provides reasoning,1
958,pbl already,1
959,use old,1
960,put place,1
961,best promoted,1
962,material made,1
963,education community,1
964,authentic activity,1
965,reasoning cbr,1
966,solved e.g.,1
967,process solving,1
968,make suggestion,1
969,account cbr,1
970,activity especially,1
971,good problem,1
972,old experience,1
973,data use,1
974,learning authentic,1
975,case-based reasoning,1
976,case use,1
977,reflection promote,1
978,concreteness detail,1
979,constructivist classroom,1
980,situation make,1
981,kind reflection,1
982,feedback sequencing,1
983,believe provide,1
984,education computational,1
985,well together,1
986,suggestion enhance,1
987,cognitive theory,1
988,one combine,1
989,effective learning,1
990,sound cognitive,1
991,use process,1
992,many education,1
993,problem participating,1
994,suggestion education,1
995,education consistent,1
996,make hypothesis,1
997,participating kind,1
998,methodology provide,1
999,paper show,1
1000,learning best,1
1001,consistent educational,1
1002,complement well,1
1003,show cbr,1
1004,foundation educational,1
1005,powerful foundation,1
1006,problem solved,1
1007,community put,1
1008,taught u,1
1009,submitting report,1
1010,others similar,1
1011,experience building,1
1012,1992 well,1
1013,issue upon,1
1014,student evaluate,1
1015,around crisis,1
1016,1990 lesgold,1
1017,help complete,1
1018,focus quality,1
1019,bareiss amp,1
1020,emerging crisis,1
1021,new pressure,1
1022,revise resubmit,1
1023,primarily abstract,1
1024,schank 1992,1
1025,1988 soloway,1
1026,pursue approach,1
1027,advise sample,1
1028,question whether,1
1029,particular learning-by-doing,1
1030,given large,1
1031,currently using,1
1032,u many,1
1033,double help,1
1034,critique focus,1
1035,weakness particular,1
1036,resubmit report,1
1037,'' experience,1
1038,computer-based learning-by-doing,1
1039,emergency phone,1
1040,ka dooley,1
1041,help knowledgeable,1
1042,fighting krasnovian,1
1043,remain open,1
1044,relate choosing,1
1045,modeled event,1
1046,call white,1
1047,process process,1
1048,new report,1
1049,circumstance advise,1
1050,environment e.g,1
1051,evidence evaluation,1
1052,hypermedia reference,1
1053,mi recommend,1
1054,hay 1994,1
1055,would better,1
1056,implementing appropriate,1
1057,evaluation recommending,1
1058,decision related,1
1059,advise architecture,1
1060,related structure,1
1061,1993 schank,1
1062,also discus,1
1063,mapping set,1
1064,president tell,1
1065,review student,1
1066,paper 'll,1
1067,well experience,1
1068,growing awareness,1
1069,environment advise,1
1070,opinionated expert,1
1071,1.1 advise,1
1072,design complex,1
1073,choosing implementing,1
1074,need help,1
1075,approach advocate,1
1076,examines common,1
1077,particular architecture,1
1078,architecture would,1
1079,issue key,1
1080,amp bareiss,1
1081,recommending one,1
1082,capital intensified,1
1083,accepts basic,1
1084,expert opinion,1
1085,developing called,1
1086,environment analyzes,1
1087,relationship design,1
1088,evidence used,1
1089,house asking,1
1090,stop focusing,1
1091,advise 're,1
1092,help emerging,1
1093,knowledgeable advisor,1
1094,progress important,1
1095,explaining fighting,1
1096,advise computer-based,1
1097,focusing primarily,1
1098,design development,1
1099,bunzo amp,1
1100,skeletal report,1
1101,structure learning-by-doing,1
1102,abstract question,1
1103,strength weakness,1
1104,environment still,1
1105,upon submitting,1
1106,learning architecture,1
1107,choice 1.,1
1108,learning-environment design,1
1109,way teach,1
1110,action providing,1
1111,particular subject,1
1112,conflicting perspective,1
1113,place student,1
1114,science statistic,1
1115,state student,1
1116,policy earth,1
1117,learning-by-doing architecture,1
1118,pressure u,1
1119,experience others,1
1120,house student,1
1121,president united,1
1122,currently developing,1
1123,foreign policy,1
1124,opinion issue,1
1125,using advise,1
1126,design issue,1
1127,rapid progress,1
1128,role advisor,1
1129,1993 bell,1
1130,sample architecture,1
1131,appropriate learning-by-doing,1
1132,1993 bransford,1
1133,student get,1
1134,analyze strength,1
1135,respond white,1
1136,decision-maker president,1
1137,contradictory advice,1
1138,option mi,1
1139,fictional country,1
1140,bransford 1990,1
1141,building learning-by-doing,1
1142,evaluate possible,1
1143,called advise,1
1144,lajoie bunzo,1
1145,student receive,1
1146,developing computer-based,1
1147,krasnovia modeled,1
1148,environment .follows,1
1149,report explaining,1
1150,'ll use,1
1151,advocate instance,1
1152,conclusion student,1
1153,tell student,1
1154,task student,1
1155,key feature,1
1156,important decision-maker,1
1157,large hypermedia,1
1158,application designed,1
1159,work e.g,1
1160,asks student,1
1161,advise also,1
1162,appropriate design,1
1163,complex process,1
1164,numerous design,1
1165,white house,1
1166,situation fictional,1
1167,learning-by-doing pursue,1
1168,paper examines,1
1169,effectiveness several,1
1170,country call,1
1171,issue relate,1
1172,advisor important,1
1173,especially architecture,1
1174,u respond,1
1175,architecture paper,1
1176,learning-by-doing environment,1
1177,question advocate,1
1178,product mapping,1
1179,feature learning,1
1180,report review,1
1181,central topic,1
1182,united state,1
1183,designed teach,1
1184,panel opinionated,1
1185,student revise,1
1186,mutually contradictory,1
1187,statistic example,1
1188,instance even,1
1189,quality evidence,1
1190,come double,1
1191,coached learning-by-doing,1
1192,one accepts,1
1193,similar work,1
1194,soloway guzdial,1
1195,several course,1
1196,real question,1
1197,value developing,1
1198,philosophy sort,1
1199,student role,1
1200,used support,1
1201,alternative teaching,1
1202,topic foreign,1
1203,earth science,1
1204,student given,1
1205,effectiveness ofthe,1
1206,practical consideration,1
1207,teach numerous,1
1208,.follows student,1
1209,1. introduction,1
1210,anderson 1993,1
1211,architecture place,1
1212,discus circumstance,1
1213,many decision,1
1214,amp eggan,1
1215,analyzes relationship,1
1216,e.g bareiss,1
1217,open real,1
1218,basic philosophy,1
1219,report panel,1
1220,way white,1
1221,bell amp,1
1222,bareiss 1993,1
1223,krasnovian capital,1
1224,particular approach,1
1225,area remain,1
1226,consideration appropriate,1
1227,possible option,1
1228,currently experimenting,1
1229,1993 ka,1
1230,impact effectiveness,1
1231,former yugoslavia,1
1232,yugoslavia structure,1
1233,guzdial amp,1
1234,approach like,1
1235,make rapid,1
1236,course action,1
1237,development make,1
1238,watch new,1
1239,amp luksa,1
1240,support conclusion,1
1241,better choice,1
1242,based around,1
1243,teach topic,1
1244,process relatively,1
1245,crisis situation,1
1246,crisis way,1
1247,e.g anderson,1
1248,still need,1
1249,house president,1
1250,eggan 1988,1
1251,phone call,1
1252,library information,1
1253,even one,1
1254,advisor providing,1
1255,amp hay,1
1256,issue skeletal,1
1257,providing mutually,1
1258,create application,1
1259,reference library,1
1260,issue faced,1
1261,mission evaluating,1
1262,unexplored literature,1
1263,environment major,1
1264,1994 taught,1
1265,perspective issue,1
1266,'re currently,1
1267,whether pursue,1
1268,lesgold lajoie,1
1269,relatively unexplored,1
1270,providing evidence,1
1271,advice asks,1
1272,example foreign-policy,1
1273,architecture create,1
1274,student watch,1
1275,amp beckwith,1
1276,paper 1.1,1
1277,complete task,1
1278,researcher stop,1
1279,sort coached,1
1280,building computer-based,1
1281,learning-by-doing ``,1
1282,asking come,1
1283,luksa 1993,1
1284,report 're,1
1285,faced building,1
1286,design alternative,1
1287,effective way,1
1288,one option,1
1289,final product,1
1290,beckwith 1993,1
1291,receive critique,1
1292,environment effective,1
1293,appropriate architecture,1
1294,get emergency,1
1295,goal practical,1
1296,introduction believe,1
1297,like learning-by-doing,1
1298,call krasnovia,1
1299,intensified new,1
1300,architecture called,1
1301,topic paper,1
1302,experimenting illustrate,1
1303,evaluating effectiveness,1
1304,expert represent,1
1305,represent conflicting,1
1306,recommend one,1
1307,architecture currently,1
1308,advocate learning-by-doing,1
1309,need analyze,1
1310,application based,1
1311,use particular,1
1312,architecture especially,1
1313,literature central,1
1314,information expert,1
1315,awareness value,1
1316,foreign-policy application,1
1317,dooley amp,1
1318,advise appropriate,1
1319,option help,1
1320,event former,1
1321,pursue particular,1
1322,common design,1
1323,important educational,1
1324,set pedagogical,1
1325,given mission,1
1326,believe learning-environment,1
1327,illustrate issue,1
1328,subject area,1
1329,ofthe final,1
1330,achievement diverse,1
1331,model student-centered,1
1332,project metafunctions,1
1333,student impression,1
1334,project work,1
1335,description project,1
1336,student description,1
1337,collaboration prior,1
1338,metafunctions resourcefulness,1
1339,qualitative coding,1
1340,student project,1
1341,work innovative,1
1342,building view,1
1343,impression project,1
1344,represent way,1
1345,coding method,1
1346,building assessment,1
1347,instance represent,1
1348,student-centered project,1
1349,assessment model,1
1350,described potential,1
1351,five metafunctions,1
1352,interest resource,1
1353,project rule,1
1354,understanding effort,1
1355,view value,1
1356,prior knowledge,1
1357,rule describe,1
1358,diverse nature,1
1359,rule instance,1
1360,achievement student,1
1361,method yielded,1
1362,extension connectedness,1
1363,project effort,1
1364,resource skill,1
1365,includes interest,1
1366,focused building,1
1367,innovative high,1
1368,investigation focused,1
1369,emerged student,1
1370,skill five,1
1371,way understanding,1
1372,separated context,1
1373,school science,1
1374,potential beginning,1
1375,reflection authentic,1
1376,assessment separated,1
1377,effort achievement,1
1378,context performance,1
1379,describe student,1
1380,resourcefulness reflection,1
1381,performance includes,1
1382,curriculum qualitative,1
1383,metafunctions described,1
1384,value project,1
1385,beginning point,1
1386,yielded rule,1
1387,project emerged,1
1388,point building,1
1389,mathematics curriculum,1
1390,authentic extension,1
1391,knowledge skill,1
1392,skill collaboration,1
1393,nature assessment,1
1394,design case-based,1
1395,training course,1
1396,business engagement,1
1397,case-based learning-by,1
1398,varying level,1
1399,course methodology,1
1400,team trainee,1
1401,level experience,1
1402,authentic practice,1
1403,practice context,1
1404,simulated business,1
1405,based course,1
1406,describes methodology,1
1407,context simulated,1
1408,experience engaged,1
1409,methodology based,1
1410,learning-by training,1
1411,business reengineering,1
1412,course business,1
1413,methodology design,1
1414,reengineering team,1
1415,engaged authentic,1
1416,trainee varying,1
1417,construct knowledge,1
1418,learner construct,1
1419,designing knowledge,1
1420,personal knowledge,1
1421,problematic many,1
1422,analyzing world,1
1423,world accessing,1
1424,coherence utility,1
1425,network expert,1
1426,appropriate kind,1
1427,base study,1
1428,also better,1
1429,amplification tool,1
1430,semantic network,1
1431,thinking mindtools,1
1432,many student,1
1433,action would,1
1434,thinking required,1
1435,constructed undergraduate,1
1436,organizing personal,1
1437,semantic net,1
1438,different facilitative,1
1439,support learning,1
1440,effect one,1
1441,better scaffolded,1
1442,expert system,1
1443,facilitative effect,1
1444,information interpreting,1
1445,network coherence,1
1446,ambiguity task,1
1447,effect building,1
1448,scaffolding required,1
1449,building semantic,1
1450,one kind,1
1451,student scaffolding,1
1452,would also,1
1453,build semantic,1
1454,subsequently constructed,1
1455,accessing information,1
1456,representation formalism,1
1457,learning critical,1
1458,knowledge representation,1
1459,examined effect,1
1460,required action,1
1461,transfer would,1
1462,system quite,1
1463,formalism analyzing,1
1464,study examined,1
1465,knowledge representing,1
1466,required build,1
1467,help learner,1
1468,kind thinking,1
1469,net expert,1
1470,quite different,1
1471,reflection amplification,1
1472,knowledge designing,1
1473,task problematic,1
1474,representing learner,1
1475,learner know,1
1476,system subsequently,1
1477,others cognitive,1
1478,undergraduate ambiguity,1
1479,kind transfer,1
1480,mindtools knowledge,1
1481,utility expert,1
1482,critical thinking,1
1483,would appropriate,1
1484,interpreting organizing,1
1485,cognitive reflection,1
1486,know others,1
1487,electrostatic force,1
1488,designed allow,1
1489,indicate three-dimensional,1
1490,learning virtual,1
1491,3-d representation,1
1492,perspective use,1
1493,concept electric,1
1494,field cited,1
1495,greater understanding,1
1496,draw analogy,1
1497,virtual reality,1
1498,trace field,1
1499,representation test,1
1500,student greater,1
1501,force field,1
1502,metaphor maxwellworld,1
1503,line study,1
1504,vr aid,1
1505,learning electric,1
1506,nature vr,1
1507,formative assessment,1
1508,motivating student,1
1509,experience provide,1
1510,distribution force,1
1511,ability navigate,1
1512,maxwellworld designed,1
1513,important learning,1
1514,characteristic important,1
1515,post-lesson evaluation,1
1516,provide metaphor,1
1517,force electric,1
1518,'s usability,1
1519,electric potential,1
1520,enjoyed learning,1
1521,cited 3-d,1
1522,difficult teach,1
1523,flux formative,1
1524,nature electric,1
1525,subject electrostatics,1
1526,`` discover,1
1527,charge trace,1
1528,pre- post-lesson,1
1529,2-d rnicroworld,1
1530,discover '',1
1531,student comparable,1
1532,'' nature,1
1533,learn concept,1
1534,allow student,1
1535,comparable 2-d,1
1536,electric field,1
1537,ofmaxwellworld 's,1
1538,reality experience,1
1539,study also,1
1540,teach part,1
1541,color characteristic,1
1542,learner draw,1
1543,electric flux,1
1544,usability learnability,1
1545,well representation,1
1546,part learner,1
1547,experience pre-,1
1548,field line,1
1549,also indicate,1
1550,representation interactivity,1
1551,potential ``,1
1552,interactivity ability,1
1553,use color,1
1554,student explore,1
1555,assessment ofmaxwellworld,1
1556,electrostatics difficult,1
1557,explore electrostatic,1
1558,personal experience,1
1559,analogy personal,1
1560,aid learning,1
1561,experience motivating,1
1562,learnability student,1
1563,evaluation show,1
1564,understanding distribution,1
1565,show student,1
1566,three-dimensional nature,1
1567,field learn,1
1568,student enjoyed,1
1569,field well,1
1570,test charge,1
1571,navigate multiple,1
1572,microscopic requires,1
1573,computational environment,1
1574,visual mode,1
1575,concept depend,1
1576,representation visualization,1
1577,implementation include,1
1578,framework microscopic,1
1579,quantum chemistry,1
1580,used high,1
1581,chemistry concept,1
1582,visualization atom,1
1583,molecule clear,1
1584,future implementation,1
1585,mastery chemistry,1
1586,order develop,1
1587,requires three-dimensional,1
1588,evaluated result,1
1589,molecular bonding,1
1590,atom molecule,1
1591,include attention,1
1592,depend interpretative,1
1593,project created,1
1594,dynamic representation,1
1595,develop intuitive,1
1596,bonding order,1
1597,atomic molecular,1
1598,intuitive understanding,1
1599,chemistry student,1
1600,performance computing,1
1601,visualize resulting,1
1602,conceptual area,1
1603,report one,1
1604,student visualization,1
1605,initial model,1
1606,environment perform,1
1607,resulting image,1
1608,mode chemistry,1
1609,model replaced,1
1610,student used,1
1611,student simulation,1
1612,perform calculation,1
1613,background preparation,1
1614,attention learning,1
1615,area evaluated,1
1616,clear student,1
1617,three-dimensional dynamic,1
1618,7 conceptual,1
1619,calculation interactively,1
1620,chemistry project,1
1621,high performance,1
1622,simulation atomic,1
1623,created computational,1
1624,visualization chemistry,1
1625,one detailed,1
1626,implementation 7,1
1627,use improved,1
1628,computing environment,1
1629,interactively visualize,1
1630,interpretative framework,1
1631,showed improvement,1
1632,suggestion future,1
1633,student initial,1
1634,image paper,1
1635,understanding quantum,1
1636,detailed implementation,1
1637,improvement student,1
1638,chemistry background,1
1639,preparation use,1
1640,acquisition mastery,1
1641,replaced suggestion,1
1642,learning visual,1
1643,improved interface,1
1644,pedagogical knowledge,1
1645,key issue,1
1646,curriculum knowledge,1
1647,discus number,1
1648,object allow,1
1649,framework eon,1
1650,'' provide,1
1651,theory system,1
1652,framework tailored,1
1653,various instructional,1
1654,level sophistication,1
1655,representational framework,1
1656,topic level,1
1657,unique among,1
1658,sophistication beyond,1
1659,authoring pedagogical,1
1660,pedagogical curriculum,1
1661,represented various,1
1662,additional level,1
1663,task ``,1
1664,issue addressed,1
1665,class domain,1
1666,domain task,1
1667,intelligent learning/tutoring,1
1668,involved authoring,1
1669,illustrate pedagogical,1
1670,use ontology,1
1671,deal several,1
1672,instructional theory,1
1673,knowledge show,1
1674,several type,1
1675,offer guidance,1
1676,knowledge represented,1
1677,type knowledge,1
1678,show issue,1
1679,creation representational,1
1680,system discus,1
1681,representation increasing,1
1682,tailored class,1
1683,environment deal,1
1684,paper illustrate,1
1685,addressed representational,1
1686,number key,1
1687,provide additional,1
1688,learning/tutoring environment,1
1689,cognitive clarity,1
1690,knowledge must,1
1691,eon authoring,1
1692,must represented,1
1693,guidance structure,1
1694,tool unique,1
1695,beyond network,1
1696,increasing cognitive,1
1697,domain form,1
1698,`` topic,1
1699,network representation,1
1700,complex domain,1
1701,order offer,1
1702,ontology object,1
1703,method use,1
1704,issue involved,1
1705,represented order,1
1706,form pedagogical,1
1707,level '',1
1708,allow creation,1
1709,process paper,1
1710,among method,1
1711,recent year,1
1712,technology encourage,1
1713,described paper,1
1714,teacher research,1
1715,view classroom,1
1716,alternative explanation,1
1717,way promote,1
1718,reflection beginning,1
1719,focused way,1
1720,hypermedia computer,1
1721,theoretical principle,1
1722,classroom situation,1
1723,education student,1
1724,encourage facilitate,1
1725,principle support,1
1726,suggest alternative,1
1727,project described,1
1728,help hypermedia,1
1729,facilitate communication,1
1730,evaluate decision,1
1731,communication among,1
1732,ability view,1
1733,perspective suggest,1
1734,beginning teacher,1
1735,explanation classroom,1
1736,situation multiple,1
1737,event use,1
1738,computer technology,1
1739,year research,1
1740,develop ability,1
1741,use theoretical,1
1742,paper elicits,1
1743,among teacher,1
1744,student develop,1
1745,elicits help,1
1746,classroom event,1
1747,promote reflection,1
1748,teacher education,1
1749,education focused,1
1750,support evaluate,1
1751,data regarding,1
1752,identification alloantibody,1
1753,medical technologist,1
1754,finding compatible,1
1755,-62 practicing,1
1756,problem-solving task,1
1757,purpose finding,1
1758,concern detected,1
1759,practicing medical,1
1760,compatible blood,1
1761,answer various,1
1762,teaching found,1
1763,final answer,1
1764,expert-system-based transfusion,1
1765,performing important,1
1766,tutor tmt,1
1767,'s blood,1
1768,case provides,1
1769,multiple antibody,1
1770,modified version,1
1771,detected use,1
1772,medical technology,1
1773,tmt used,1
1774,transfusion medicine,1
1775,presented provide,1
1776,alloantibody patient,1
1777,blood purpose,1
1778,suggestion student,1
1779,use modified,1
1780,found enhance,1
1781,learning 87-93,1
1782,technologist performing,1
1783,provides suggestion,1
1784,various multiple,1
1785,provide data,1
1786,medicine tutor,1
1787,tmt monitor,1
1788,important problem-solving,1
1789,case 30,1
1790,task identification,1
1791,patient 's,1
1792,antibody case,1
1793,study presented,1
1794,blood transfusion,1
1795,system teaching,1
1796,monitor slip,1
1797,student technologist,1
1798,slip mistake,1
1799,transfusion tmt,1
1800,technologist potential,1
1801,similarly use,1
1802,potential concern,1
1803,regarding effectiveness,1
1804,effectiveness expert-system-based,1
1805,used medical,1
1806,system found,1
1807,found reduce,1
1808,error final,1
1809,technologist similarly,1
1810,student medical,1
1811,evaluation patient,1
1812,patient case,1
1813,reduce error,1
1814,technology student,1
1815,mistake evaluation,1
1816,version system,1
1817,30 -62,1
1818,change knowledge-building,1
1819,construct.higher level,1
1820,object communal,1
1821,result suggested,1
1822,environment networked,1
1823,graphic note,1
1824,study examine,1
1825,knowledge-building perspective,1
1826,student maintained,1
1827,learner collaboratively,1
1828,on- computer-tracking,1
1829,intentional learning,1
1830,beyond classroom,1
1831,evaluated idea,1
1832,context writing,1
1833,student report,1
1834,discussion continual,1
1835,improvement target,1
1836,collaboratively work,1
1837,idea context,1
1838,understanding recording,1
1839,evaluated two,1
1840,aim study,1
1841,suggested student,1
1842,text graphic,1
1843,classroom succeeded,1
1844,community beyond,1
1845,study constructing,1
1846,'' dge-building,1
1847,criterion 1,1
1848,perspective knowledge-building,1
1849,maintained knowledge,1
1850,examine conceptual,1
1851,change 2,1
1852,report thought,1
1853,participated study,1
1854,fifth sixth-grade,1
1855,knowle '',1
1856,recording current,1
1857,level understanding,1
1858,2 knowle,1
1859,attaining critical,1
1860,process learner,1
1861,work construct.higher,1
1862,independent criterion,1
1863,writing scientific,1
1864,dis lt,1
1865,investigation csile,1
1866,constructing database,1
1867,student written,1
1868,affect matter,1
1869,scientific community,1
1870,current idea,1
1871,database idea,1
1872,goal evaluated,1
1873,knowledge object,1
1874,computer-tracking file,1
1875,succeeded attaining,1
1876,1 conceptual,1
1877,target environment,1
1878,csile computer-supported,1
1879,networked environment,1
1880,idea available,1
1881,based on-,1
1882,building goal,1
1883,critical conceptual,1
1884,heat affect,1
1885,improve understanding,1
1886,continual improvement,1
1887,lt ourses,1
1888,combined classroom,1
1889,file student,1
1890,topic heat,1
1891,database topic,1
1892,knowledge-building process,1
1893,environment investigation,1
1894,ourses evaluated,1
1895,matter based,1
1896,note collaboratively,1
1897,two independent,1
1898,computer-supported intentional,1
1899,dge-building activity,1
1900,written dis,1
1901,communal database,1
1902,understanding fifth,1
1903,available discussion,1
1904,classroom participated,1
1905,sixth-grade combined,1
1906,thought text,1
1907,activity result,1
1908,idea knowledge,1
1909,collaboratively improve,1
1910,educational system,1
1911,age-based approach,1
1912,variance found,1
1913,multiage schooling,1
1914,found index,1
1915,proceed efficiently,1
1916,basic argument,1
1917,insistence grouping,1
1918,arise current,1
1919,large variance,1
1920,achievement even,1
1921,research-based method,1
1922,method multiage,1
1923,whole student,1
1924,homogeneous population,1
1925,reengineering educational,1
1926,mastery substantial,1
1927,real learning,1
1928,learning arise,1
1929,educational activity,1
1930,propose reengineering,1
1931,elimi nating,1
1932,index learning,1
1933,even relatively,1
1934,schooling proceed,1
1935,striking advantage,1
1936,eliminates constraint,1
1937,grouping child,1
1938,creates moral,1
1939,population argue,1
1940,effectively creates,1
1941,child age,1
1942,outweigh social,1
1943,learning achievement,1
1944,richer educational,1
1945,substantial learning,1
1946,information system,1
1947,moral imperative,1
1948,imperative provide,1
1949,extremely large,1
1950,allow richer,1
1951,social disadvantage,1
1952,powerful reason,1
1953,current insistence,1
1954,efficiently effectively,1
1955,focus mastery,1
1956,argue modem,1
1957,disadvantage powerful,1
1958,age basic,1
1959,nating age-based,1
1960,activity eliminates,1
1961,system focus,1
1962,argument elimi,1
1963,advantage outweigh,1
1964,reason extremely,1
1965,modem information,1
1966,provide real,1
1967,system allow,1
1968,opportunity whole,1
1969,relatively homogeneous,1
1970,constraint learning,1
1971,education striking,1
1972,activity research-based,1
1973,tool interface,1
1974,distribution problem,1
1975,student trying,1
1976,task perform,1
1977,.. ye,1
1978,need gain,1
1979,lack tool,1
1980,science becoming,1
1981,build tool,1
1982,however student,1
1983,learner-centered design,1
1984,nuclear engineering,1
1985,ye used,1
1986,scientist also,1
1987,expertise professional,1
1988,student lack,1
1989,problem domain,1
1990,scaffolding strategy,1
1991,important scientist,1
1992,found able,1
1993,conduct scientific,1
1994,arise pose,1
1995,diverse investigative,1
1996,used learner-centered,1
1997,help investigate,1
1998,order address,1
1999,scientific career,1
2000,complexity number,1
2001,similar investigation,1
2002,method help,1
2003,also student,1
2004,using different,1
2005,computational science,1
2006,science provides,1
2007,noris computational,1
2008,investigation complexity,1
2009,increasingly important,1
2010,used nuclear,1
2011,able build,1
2012,complexity arise,1
2013,number diverse,1
2014,trying use,1
2015,existing tool,1
2016,career however,1
2017,use computational,1
2018,strategy found,1
2019,computational tool,1
2020,activity variety,1
2021,problem computational,1
2022,gain expertise,1
2023,implementation noris,1
2024,investigate scientific,1
2025,interface student,1
2026,design guide,1
2027,student investigating,1
2028,learn order,1
2029,address complexity,1
2030,engineering student,1
2031,certain activity,1
2032,variety tool,1
2033,professional researcher,1
2034,tool supporting,1
2035,scientific problem,1
2036,obstacle student,1
2037,different scaffolding,1
2038,perform lack,1
2039,investigating particle,1
2040,researcher complexity,1
2041,particle distribution,1
2042,help support,1
2043,science conduct,1
2044,investigative task,1
2045,becoming increasingly,1
2046,tool method,1
2047,support nuclear,1
2048,investigating problem,1
2049,scientist variety,1
2050,problem using,1
2051,supporting certain,1
2052,pose obstacle,1
2053,variety existing,1
2054,lack expertise,1
2055,guide implementation,1
2056,investigation scientific,1
2057,scientific investigation,1
2058,complexity ..,1
2059,expertise similar,1
2060,provides scientist,1
2061,constructionism distributed,1
2062,computer network,1
2063,project mit,1
2064,construction collaborating,1
2065,development knowledge-building,1
2066,collaborating construction,1
2067,concept distributed,1
2068,new way,1
2069,sharing construction,1
2070,discus project,1
2071,three main,1
2072,thinking learning,1
2073,effective supporting,1
2074,particularly use,1
2075,describes ongoing,1
2076,together design,1
2077,student working,1
2078,construction activity,1
2079,support student,1
2080,activity discussing,1
2081,focus particularly,1
2082,research constructionism,1
2083,distributed constructionist,1
2084,lab discus,1
2085,way thinking,1
2086,category describes,1
2087,discussing construction,1
2088,particularly effective,1
2089,supporting development,1
2090,mit medium,1
2091,type activity,1
2092,working together,1
2093,constructionist activity,1
2094,ongoing research,1
2095,building previous,1
2096,cognition focus,1
2097,knowledge-building community,1
2098,category distributed,1
2099,argues type,1
2100,distributed constructionism,1
2101,constructionism building,1
2102,introduces concept,1
2103,previous research,1
2104,describes three,1
2105,distributed cognition,1
2106,medium lab,1
2107,design construction,1
2108,activity argues,1
2109,activity particularly,1
2110,community paper,1
2111,main category,1
2112,construction category,1
2113,project support,1
2114,construction sharing,1
2115,support new,1
2116,network support,1
2117,alone enough,1
2118,creators-not consumers-of,1
2119,prepare today,1
2120,'s youth,1
2121,consumers-of computer-based,1
2122,dangerous economic,1
2123,called computer,1
2124,lab clubhouse,1
2125,work tomorrow,1
2126,learning community,1
2127,core principle,1
2128,clubhouse educational,1
2129,have have-not,1
2130,clubhouse help,1
2131,technological have,1
2132,rift society,1
2133,enough bridge,1
2134,cultural rift,1
2135,computer clubhouse,1
2136,discus clubhouse,1
2137,access technology,1
2138,break away,1
2139,educational approach-and,1
2140,four core,1
2141,gap paper,1
2142,tomorrow 's,1
2143,technology alone,1
2144,community called,1
2145,clubhouse break,1
2146,principle clubhouse,1
2147,today 's,1
2148,away traditional,1
2149,traditional computer,1
2150,new model,1
2151,clubhouse inner-city,1
2152,economic cultural,1
2153,society access,1
2154,designer creators-not,1
2155,bridge gap,1
2156,become designer,1
2157,describes four,1
2158,product paper,1
2159,life work,1
2160,computer-based product,1
2161,help prepare,1
2162,youth life,1
2163,approach-and discus,1
2164,computer lab,1
2165,have-not widening,1
2166,youth become,1
2167,widening leading,1
2168,leading dangerous,1
2169,gap technological,1
2170,inner-city youth,1
2171,'s world,1
2172,instructional tool,1
2173,proven successful,1
2174,ritter koedinger,1
2175,greatly simplifying,1
2176,architecture described,1
2177,translator '',1
2178,portion architecture,1
2179,non-programmer re-use,1
2180,existing tutoring,1
2181,`` plug-in,1
2182,system using,1
2183,environment proven,1
2184,intelligent learning,1
2185,tool specialized,1
2186,specialized task,1
2187,success part,1
2188,redefined environment,1
2189,developed component,1
2190,task creating,1
2191,allow non-programmer,1
2192,even using,1
2193,commercial success,1
2194,'' instructional,1
2195,architecture specialized,1
2196,describe authoring,1
2197,tutoring agent,1
2198,authoring even,1
2199,tool us,1
2200,us programming,1
2201,task redefined,1
2202,process task,1
2203,creating ``,1
2204,new interface,1
2205,problem difficulty,1
2206,specialized authoring,1
2207,although intelligent,1
2208,using authoring,1
2209,tool describe,1
2210,seen little,1
2211,creating authoring,1
2212,argue authoring,1
2213,tool seen,1
2214,tool directed,1
2215,koedinger 1995,1
2216,little commercial,1
2217,difficulty authoring,1
2218,authoring task,1
2219,instructional architecture,1
2220,1995 system,1
2221,simplifying authoring,1
2222,authoring process,1
2223,tool developed,1
2224,programming demonstration,1
2225,environment based,1
2226,described ritter,1
2227,component architecture,1
2228,directed creating,1
2229,`` translator,1
2230,demonstration allow,1
2231,'' portion,1
2232,architecture authoring,1
2233,based ``,1
2234,re-use existing,1
2235,successful instructional,1
2236,part problem,1
2237,plug-in '',1
2238,architecture greatly,1
2239,agent new,1
2240,interface tool,1
2241,task argue,1
2242,many design,1
2243,designer also,1
2244,work small,1
2245,study examines,1
2246,strategy large,1
2247,software teacher,1
2248,tool designer,1
2249,lt .05,1
2250,different teaching,1
2251,applying two,1
2252,feature chosen,1
2253,explicitly consider,1
2254,strategy promote,1
2255,suggests strategy,1
2256,based work,1
2257,suggest many,1
2258,setting biology,1
2259,adapted use,1
2260,measured treatment,1
2261,need explicitly,1
2262,use teaching,1
2263,effect applying,1
2264,group dynamic,1
2265,individual learning,1
2266,investigates use,1
2267,dynamic individual,1
2268,use maximize,1
2269,learning setting,1
2270,examines effect,1
2271,improvement p,1
2272,knowledge-base software,1
2273,treatment group,1
2274,learning cooperative,1
2275,distribution critical,1
2276,resource including,1
2277,including knowledge-base,1
2278,developing training,1
2279,developed testbed,1
2280,various resource,1
2281,strategy suggests,1
2282,examine use,1
2283,35 improvement,1
2284,aided various,1
2285,teacher study,1
2286,design feature,1
2287,learning 35,1
2288,small group,1
2289,use adaptive,1
2290,group based,1
2291,also need,1
2292,study investigates,1
2293,large impact,1
2294,training tool,1
2295,cooperative learning,1
2296,resource examine,1
2297,learning student,1
2298,testbed vary,1
2299,sleuth problem-based,1
2300,.05 measured,1
2301,critical resource,1
2302,vary distribution,1
2303,strategy effect,1
2304,maximize learning,1
2305,effect group,1
2306,two different,1
2307,consider environment,1
2308,biology sleuth,1
2309,group aided,1
2310,impact group,1
2311,p lt,1
2312,chosen developing,1
2313,work suggest,1
2314,environment adapted,1
2315,adaptive teaching,1
2316,different activity,1
2317,mixture activity,1
2318,6 1,1
2319,activity structure,1
2320,structure supported,1
2321,different content,1
2322,photograph gracie,1
2323,form classroom,1
2324,1 science,1
2325,interactional space,1
2326,classroom discourse,1
2327,combination artifact,1
2328,situation role,1
2329,conversation reason,1
2330,study describes,1
2331,artifact important,1
2332,different interactional,1
2333,lead different,1
2334,discourse 4-month,1
2335,study designed,1
2336,role concomitantly,1
2337,artifact served,1
2338,arrangement give,1
2339,class studying,1
2340,space participant,1
2341,4-month period,1
2342,resource student,1
2343,conversation depending,1
2344,reason conclude,1
2345,arrangement lead,1
2346,concomitantly different,1
2347,class employ,1
2348,content form,1
2349,investigate different,1
2350,interview ethnographic,1
2351,observation artifact,1
2352,large class,1
2353,science educator,1
2354,machine study,1
2355,level participation,1
2356,conclude science,1
2357,conversation artifact,1
2358,supported different,1
2359,unit simple,1
2360,participation classroom,1
2361,function maintenance,1
2362,ethnographic observation,1
2363,different combination,1
2364,designed investigate,1
2365,depending situation,1
2366,social configuration,1
2367,participant artifact,1
2368,period collected,1
2369,educator teaching,1
2370,classroom conversation,1
2371,physical arrangement,1
2372,rise different,1
2373,served resource,1
2374,different dimension,1
2375,student sense,1
2376,artifact photograph,1
2377,activity interview,1
2378,important function,1
2379,making different,1
2380,dimension participating,1
2381,role participant,1
2382,sense making,1
2383,different level,1
2384,videotaped activity,1
2385,configuration physical,1
2386,sequence conversation,1
2387,collected data,1
2388,participant role,1
2389,artifact social,1
2390,participating conversation,1
2391,describes different,1
2392,teaching large,1
2393,simple machine,1
2394,maintenance sequence,1
2395,gracie 6,1
2396,employ mixture,1
2397,different artifact,1
2398,give rise,1
2399,data videotaped,1
2400,studying unit,1
2401,novice expert,1
2402,developing approach,1
2403,approach focussed,1
2404,note module,1
2405,focussed providing,1
2406,programmer developing,1
2407,science course,1
2408,literature well,1
2409,supporting novice,1
2410,activity accompanied,1
2411,noted number,1
2412,undergraduate computer,1
2413,evaluate material,1
2414,recent study,1
2415,apprenticeship computer,1
2416,science approach,1
2417,focus undergraduate,1
2418,course noted,1
2419,library problem-solving,1
2420,interactive note,1
2421,study student,1
2422,feature including,1
2423,module drawing,1
2424,beginning evaluate,1
2425,upon existing,1
2426,including annotated,1
2427,student intermediate,1
2428,graphic beginning,1
2429,student explored,1
2430,annotated link,1
2431,supporting intermediate,1
2432,tool case,1
2433,cognitive apprenticeship,1
2434,first focus,1
2435,link module,1
2436,resource first,1
2437,providing cognitive,1
2438,component interactive,1
2439,computer graphic,1
2440,scaffolding feature,1
2441,number misconception,1
2442,expert programmer,1
2443,four technological,1
2444,misconception learning,1
2445,intermediate computer,1
2446,case library,1
2447,problem supporting,1
2448,drawing upon,1
2449,existing resource,1
2450,module collaborative,1
2451,well supporting,1
2452,collaborative tool,1
2453,computer science,1
2454,explored literature,1
2455,accompanied various,1
2456,approach four,1
2457,technological component,1
2458,various scaffolding,1
2459,lament new,1
2460,existing experience,1
2461,proposed evaluation,1
2462,engineering school,1
2463,4 proposed,1
2464,student perform,1
2465,2 framework,1
2466,experience paper,1
2467,addressing issue,1
2468,major report,1
2469,experience find,1
2470,experience may,1
2471,student always,1
2472,engineering education,1
2473,unpursued 2,1
2474,always capitalize,1
2475,go unpursued,1
2476,education two,1
2477,echoed almost,1
2478,experience costly,1
2479,perform order,1
2480,effectively potential,1
2481,activity student,1
2482,activity designed,1
2483,project based,1
2484,based engineering,1
2485,issue provide,1
2486,capitalize effectively,1
2487,present 1,1
2488,result existing,1
2489,employee adequate,1
2490,almost major,1
2491,data suggesting,1
2492,sentiment echoed,1
2493,suggests student,1
2494,specifically paper,1
2495,instantiation activity,1
2496,two slightly,1
2497,reflective activity,1
2498,slightly different,1
2499,suggesting learning,1
2500,different instantiation,1
2501,employer engineering,1
2502,student engineering,1
2503,learning engineering,1
2504,new employee,1
2505,pursuing learning,1
2506,evidence suggests,1
2507,focus second,1
2508,design experience,1
2509,arise project,1
2510,3 two,1
2511,designed facilitate,1
2512,proposes framework,1
2513,experience specifically,1
2514,time evidence,1
2515,graduate frequently,1
2516,second approach,1
2517,frequently lament,1
2518,design ability,1
2519,school graduate,1
2520,opportunity may,1
2521,activity 4,1
2522,student pursuing,1
2523,way enhance,1
2524,report engineering,1
2525,stemming experience,1
2526,framework reflective,1
2527,opportunity stemming,1
2528,approach addressing,1
2529,find way,1
2530,since providing,1
2531,paper proposes,1
2532,adequate design,1
2533,learning result,1
2534,opportunity 3,1
2535,engineering design,1
2536,may go,1
2537,order enhance,1
2538,may arise,1
2539,1 data,1
2540,potential learning,1
2541,costly time,1
2542,providing student,1
2543,approach since,1
2544,ability sentiment,1
2545,elementary level,1
2546,method integration,1
2547,computer learn,1
2548,pedagogical method,1
2549,standing mathematical,1
2550,dent knowledge,1
2551,arithmetically relevant,1
2552,mathematics paper,1
2553,'s standing,1
2554,create share,1
2555,vated classroom,1
2556,discursive approach,1
2557,role computer,1
2558,oriented toward,1
2559,talking math,1
2560,suggest appropriate,1
2561,dynamically explore,1
2562,`` talking,1
2563,environment serve,1
2564,understanding mathematical,1
2565,recipient motivated,1
2566,useful tool,1
2567,mathematical problem,1
2568,tested classroom,1
2569,serve useful,1
2570,link linguistic,1
2571,role stu,1
2572,'' way,1
2573,ing environment,1
2574,child conjunction,1
2575,traditionally obvious,1
2576,situation dynamically,1
2577,share word,1
2578,way deepening,1
2579,enhanced discursive,1
2580,approach facility,1
2581,facility support,1
2582,problem moti,1
2583,explore link,1
2584,writing science,1
2585,situation suggest,1
2586,representation problem,1
2587,mathematics role,1
2588,describe software,1
2589,tool complement,1
2590,complement enhanced,1
2591,discussion arithmetically,1
2592,approach mathematics,1
2593,knowledge contributor,1
2594,motivated use,1
2595,classroom allows,1
2596,symbolic representation,1
2597,deepening child,1
2598,classroom discussion,1
2599,relevant situation,1
2600,moti vated,1
2601,computer understanding,1
2602,computer elementary,1
2603,contributor rather,1
2604,rather passive,1
2605,math '',1
2606,problem child,1
2607,conjunction discursive,1
2608,passive recipient,1
2609,toward ``,1
2610,appropriate computer,1
2611,paper describe,1
2612,obvious role,1
2613,integration writing,1
2614,currently tested,1
2615,support pedagogical,1
2616,learn ing,1
2617,linguistic symbolic,1
2618,stu dent,1
2619,software currently,1
2620,classroom oriented,1
2621,level classroom,1
2622,word problem,1
2623,problem relationship,1
2624,three need,1
2625,activity make,1
2626,two structured,1
2627,structured multimedia,1
2628,database used,1
2629,problem work,1
2630,middle-school student,1
2631,mathematics constructing,1
2632,problem manageable,1
2633,provide general,1
2634,used record,1
2635,unique solution,1
2636,environment provides,1
2637,student problem,1
2638,software environment,1
2639,approach problem,1
2640,brainstorming question,1
2641,solving student,1
2642,database provides,1
2643,database student,1
2644,general procedural,1
2645,leaming problem-based,1
2646,manageable novice,1
2647,student database,1
2648,aid student,1
2649,constructing unique,1
2650,revise work,1
2651,structured problem-solving,1
2652,area volume,1
2653,volume curriculum,1
2654,procedural hint,1
2655,provides simple,1
2656,design associated,1
2657,new concept,1
2658,created design,1
2659,draw scale,1
2660,investigating way,1
2661,concept learned,1
2662,rationale evaluations.aperformance,1
2663,iterative approach,1
2664,supporting independent,1
2665,perimeter area,1
2666,solving leaming,1
2667,solving realistic,1
2668,measure draw,1
2669,conceptual procedural,1
2670,context learning,1
2671,make complex,1
2672,design rationale,1
2673,identifying sub-goals,1
2674,individualized learning,1
2675,learning mathematics,1
2676,supporting middle-school,1
2677,student identifying,1
2678,need supporting,1
2679,work address,1
2680,evaluations.aperformance support,1
2681,feedback revise,1
2682,archive previously,1
2683,learning structured,1
2684,design annotated,1
2685,design give,1
2686,provides archive,1
2687,task aid,1
2688,simple model,1
2689,solution complex,1
2690,realistic complex,1
2691,annotated procedure,1
2692,support database,1
2693,associated conceptual,1
2694,work support,1
2695,solving software,1
2696,scale compute,1
2697,playground order,1
2698,way supporting,1
2699,procedural information,1
2700,previously created,1
2701,design layout,1
2702,independent individualized,1
2703,create design,1
2704,hint two,1
2705,complex problem,1
2706,curriculum encourages,1
2707,record student,1
2708,compute perimeter,1
2709,layout playground,1
2710,support problem,1
2711,guidance student,1
2712,complex context,1
2713,question provide,1
2714,student asked,1
2715,learn measure,1
2716,multimedia database,1
2717,procedure used,1
2718,learned design,1
2719,sub-goals brainstorming,1
2720,novice readily-available,1
2721,give feedback,1
2722,address three,1
2723,model design,1
2724,readily-available guidance,1
2725,asked design,1
2726,order learn,1
2727,encourages iterative,1
2728,problem-based student,1
2729,used new,1
2730,demonstrate possible,1
2731,environment learning,1
2732,approach example,1
2733,problem related,1
2734,educational example-based,1
2735,defends collaborative,1
2736,driven user,1
2737,discus problem,1
2738,form collaborative,1
2739,implies user,1
2740,intelligent programming,1
2741,several approach,1
2742,consider several,1
2743,describe several,1
2744,implemented elm-pe,1
2745,process driven,1
2746,example educational,1
2747,learning lisp,1
2748,possible way,1
2749,programming environment,1
2750,available knowledge,1
2751,search process,1
2752,example-based programming,1
2753,several form,1
2754,selection implemented,1
2755,support user,1
2756,approach organizing,1
2757,approach describe,1
2758,related finding,1
2759,collaborative example,1
2760,relevant example,1
2761,system collaborate,1
2762,user available,1
2763,organizing example,1
2764,selection search,1
2765,way implementing,1
2766,paper defends,1
2767,knowledge demonstrate,1
2768,implementing approach,1
2769,finding relevant,1
2770,elm-pe intelligent,1
2771,collaborate process,1
2772,example selection,1
2773,selection environment,1
2774,process example,1
2775,environment consider,1
2776,collaborative approach,1
2777,selection implies,1
2778,user system,1
2779,suggest spatial,1
2780,spatial '',1
2781,spatial reasoning,1
2782,spatial cognitive,1
2783,incorporated instructional,1
2784,student randomly,1
2785,'' representation,1
2786,'' student,1
2787,freely system,1
2788,investigated influence,1
2789,analysis indicate,1
2790,visualization spatial,1
2791,map-like navigation,1
2792,tool incorporated,1
2793,spatial visualization,1
2794,`` spatial,1
2795,browsed freely,1
2796,concept map,1
2797,performed searching,1
2798,system drew,1
2799,performance menu-like,1
2800,content regression,1
2801,navigation method,1
2802,use instructional,1
2803,cognition whereas,1
2804,map content,1
2805,assigned one,1
2806,forty undergraduate,1
2807,`` le,1
2808,general finding,1
2809,tool forty,1
2810,drew concept,1
2811,activity browsed,1
2812,positively correlated,1
2813,student commented,1
2814,finding suggest,1
2815,hypermedia navigation,1
2816,one two,1
2817,visualization reasoning,1
2818,condition map-like,1
2819,searching activity,1
2820,formance map-like,1
2821,tool positively,1
2822,correlated spatial,1
2823,influence spatial,1
2824,cognitive science,1
2825,whereas performance,1
2826,system condition,1
2827,tool ``,1
2828,reasoning environmental,1
2829,navigation tool,1
2830,cognition skill,1
2831,instructional hypermedia,1
2832,menu-like navigation,1
2833,complement student,1
2834,randomly assigned,1
2835,student spatial,1
2836,representation menu-like,1
2837,two hypermedia,1
2838,regression analysis,1
2839,le spatial,1
2840,correlated environmental,1
2841,method complement,1
2842,cognitive ability,1
2843,reasoning general,1
2844,spatial navigation,1
2845,undergraduate cognitive,1
2846,perception system,1
2847,skill student,1
2848,commented perception,1
2849,per formance,1
2850,indicate per,1
2851,hypermedia le,1
2852,environmental cognition,1
2853,develop interacting,1
2854,model internal,1
2855,engaged community,1
2856,also embedded,1
2857,model head,1
2858,used produced,1
2859,used community,1
2860,ethnographic study,1
2861,knowledge model,1
2862,discourse used,1
2863,constructivist learning,1
2864,novice refrigeration,1
2865,learner mental,1
2866,better understanding,1
2867,community practice,1
2868,aimed eliciting,1
2869,model community,1
2870,representation human,1
2871,u ass,1
2872,community activity,1
2873,activity engaged,1
2874,eliciting mental,1
2875,refrigeration technician,1
2876,study eliciting,1
2877,among member,1
2878,embedded activity,1
2879,operational representation,1
2880,eliciting knowledge,1
2881,conceptual operational,1
2882,interacting constructivist,1
2883,acquired interacting,1
2884,human develop,1
2885,environment mental,1
2886,artifact used,1
2887,system paper,1
2888,complex system,1
2889,argue also,1
2890,experienced refrigeration,1
2891,interacting complex,1
2892,practice social,1
2893,community negotiate,1
2894,activity paper,1
2895,head novice,1
2896,paper argue,1
2897,produced community,1
2898,knowledge problem,1
2899,ass advanced,1
2900,describes two,1
2901,skill acquired,1
2902,solving skill,1
2903,social relation,1
2904,community experienced,1
2905,member community,1
2906,one aimed,1
2907,understanding learner,1
2908,community discourse,1
2909,relation among,1
2910,negotiate meaning,1
2911,help u,1
2912,technician ethnographic,1
2913,advanced knowledge,1
2914,model help,1
2915,meaning artifact,1
2916,internal conceptual,1
2917,scaffolded design,1
2918,order make,1
2919,developed experience,1
2920,diagnostic skill,1
2921,reasoning may,1
2922,determining etiology,1
2923,diagnosing managing,1
2924,medical diagnosis,1
2925,skill requires,1
2926,real patient,1
2927,use causal,1
2928,prediction causal,1
2929,design environment,1
2930,may scaffolded,1
2931,valuable diagnostic,1
2932,scaffolding causal,1
2933,causal reasoning,1
2934,experience interacting,1
2935,diagnostic experience,1
2936,developed provide,1
2937,describes scaffolding,1
2938,dealing real,1
2939,patient diagnostic,1
2940,diagnosis platelet,1
2941,platelet related,1
2942,reasoning making,1
2943,requires physician,1
2944,prior dealing,1
2945,related problem,1
2946,patient computer,1
2947,usually developed,1
2948,understand use,1
2949,making initial,1
2950,differential diagnosis,1
2951,etiology making,1
2952,student valuable,1
2953,delivered case-based,1
2954,computer delivered,1
2955,experience prior,1
2956,interacting diagnosing,1
2957,reasoning order,1
2958,making differential,1
2959,physician understand,1
2960,diagnosis determining,1
2961,skill usually,1
2962,diagnosis critical,1
2963,initial diagnosis,1
2964,critical skill,1
2965,managing patient,1
2966,related project,1
2967,two related,1
2968,mathematics education,1
2969,object pedagogical,1
2970,topic may,1
2971,pedagogical purpose-have,1
2972,opposed advanced,1
2973,mathematical topic,1
2974,important opportunity,1
2975,computing suggest,1
2976,manipulative '',1
2977,purpose-have become,1
2978,designed way,1
2979,computational medium,1
2980,affectively important,1
2981,object designed,1
2982,project educational,1
2983,thus affectively,1
2984,assumption object,1
2985,may offer,1
2986,designed advanced,1
2987,incorporate computational,1
2988,number additional,1
2989,additional assumption,1
2990,elementary opposed,1
2991,may designed,1
2992,become popular,1
2993,carry number,1
2994,offer creative,1
2995,advanced mathematical,1
2996,educational computing,1
2997,paper challenge,1
2998,simple ``,1
2999,mathematics instruction,1
3000,designed elementary,1
3001,way emotional,1
3002,assumption drawing,1
3003,relatively simple,1
3004,drawing experience,1
3005,notion ``,1
3006,user relatively,1
3007,student may,1
3008,'' object,1
3009,low-tech '',1
3010,tool mathematics,1
3011,popular tool,1
3012,manipulatives may,1
3013,challenge assumption,1
3014,experience two,1
3015,emotional meaning,1
3016,education typically,1
3017,instruction little,1
3018,typically notion,1
3019,`` low-tech,1
3020,little way,1
3021,advanced mathematics,1
3022,suggest manipulatives,1
3023,`` manipulative,1
3024,creative thus,1
3025,opportunity student,1
3026,meaning user,1
3027,object paper,1
3028,way accompany,1
3029,'' carry,1
3030,accompany incorporate,1
3031,mathematical manipulatives-tangible,1
3032,manipulatives-tangible object,1
3033,memory manager,1
3034,addressing well,1
3035,interactive memory,1
3036,several key,1
3037,manager gim,1
3038,development project,1
3039,software development,1
3040,organizational learning,1
3041,led u,1
3042,challenge informing,1
3043,project led,1
3044,describes cycle,1
3045,along early,1
3046,design project,1
3047,remaining group,1
3048,serve experience,1
3049,discussion challenge,1
3050,toward addressing,1
3051,design collaborative,1
3052,keywords organizational,1
3053,memory system,1
3054,presented along,1
3055,work serve,1
3056,taken toward,1
3057,barrier remaining,1
3058,challenge present,1
3059,group memory,1
3060,step taken,1
3061,system design,1
3062,system software,1
3063,design organizational,1
3064,present step,1
3065,project keywords,1
3066,informing software,1
3067,learning discussion,1
3068,system presented,1
3069,u identify,1
3070,key challenge,1
3071,gim system,1
3072,early result,1
3073,learning group,1
3074,learning work,1
3075,cycle organizational,1
3076,experience real-world,1
3077,result use,1
3078,group interactive,1
3079,identify several,1
3080,well barrier,1
3081,real-world software,1
3082,software design,1
3083,collaborative work,1
3084,integer arithmetic,1
3085,pre-post test,1
3086,relate long,1
3087,subtracted learning,1
3088,construct solution,1
3089,learning performance,1
3090,problem appears,1
3091,multiple divisor,1
3092,construction multiple,1
3093,type instruction,1
3094,acquisition arithmetic,1
3095,successive stage,1
3096,without support,1
3097,strated pre-post,1
3098,assist student,1
3099,facilitating exploration,1
3100,exploration construction,1
3101,student particular,1
3102,arithmetic target,1
3103,solution reached,1
3104,demon strated,1
3105,performance reached,1
3106,multiplication addition,1
3107,reached learning,1
3108,representing division,1
3109,could demon,1
3110,knowledge required,1
3111,remainder studied,1
3112,optimal solution,1
3113,using computer-based,1
3114,dividend facilitating,1
3115,division remainder,1
3116,took subtasks,1
3117,target skill,1
3118,extent student,1
3119,required order,1
3120,reach level,1
3121,division repeated,1
3122,advanced strategic,1
3123,constrained problem,1
3124,make learning,1
3125,showed student,1
3126,strategic knowledge,1
3127,divisor subtracted,1
3128,constrained freedom,1
3129,test comparison,1
3130,solution path,1
3131,subtasks advanced,1
3132,concept learning,1
3133,long division,1
3134,path effect,1
3135,performance using,1
3136,order reach,1
3137,student lower-level,1
3138,subtraction dividend,1
3139,arithmetic knowledge,1
3140,paper-and-pencil type,1
3141,possible domain,1
3142,environment assist,1
3143,lower-level subtasks,1
3144,learning possible,1
3145,instruction needed,1
3146,particular studied,1
3147,studied student,1
3148,learning system,1
3149,using paper-and-pencil,1
3150,environment representing,1
3151,freedom construct,1
3152,also took,1
3153,knowledge successive,1
3154,appears performance,1
3155,effect factor,1
3156,domain integer,1
3157,performance result,1
3158,student constrained,1
3159,needed make,1
3160,repeated subtraction,1
3161,level performance,1
3162,subtasks multiplication,1
3163,comparison using,1
3164,stage expertise,1
3165,factor learning,1
3166,performance without,1
3167,expertise type,1
3168,subtraction student,1
3169,report acquisition,1
3170,reached constrained,1
3171,student profited,1
3172,environment also,1
3173,solving could,1
3174,type problem,1
3175,studied extent,1
3176,system relate,1
3177,environment optimal,1
3178,profited learning,1
3179,skill concept,1
3180,matter intelligent,1
3181,medical domain,1
3182,medical institution,1
3183,created modified,1
3184,medicus modeling,1
3185,model diagnostic,1
3186,uncertainty handled,1
3187,network i.e,1
3188,complex fragile,1
3189,xplanation giagnostic,1
3190,iubject matter,1
3191,explanation model,1
3192,disease human,1
3193,domain knowledge,1
3194,proposing diagnostic,1
3195,modeling diagnosis,1
3196,diagnostic reasoning,1
3197,problem hand,1
3198,component medicus,1
3199,designed support,1
3200,giagnostic support,1
3201,reasoning system,1
3202,system differs,1
3203,field environmentally,1
3204,reasoning proposing,1
3205,modeling component,1
3206,human genetics,1
3207,intelligent modeling,1
3208,modeling user,1
3209,may used,1
3210,medicus support,1
3211,examination paper,1
3212,user creates,1
3213,bayesian network,1
3214,information explanation,1
3215,diagnostic hypothesis,1
3216,used created,1
3217,explanation system,1
3218,domain contain,1
3219,built-in knowledge,1
3220,hand receiving,1
3221,support diagnostic,1
3222,network approach,1
3223,existing reasoning,1
3224,reasoning domain,1
3225,based bayesian,1
3226,network problem,1
3227,modeling xplanation,1
3228,collaboration several,1
3229,recommending examination,1
3230,i.e medical,1
3231,uncertain medicus,1
3232,user medicus,1
3233,epidemiological field,1
3234,differs existing,1
3235,caused disease,1
3236,medicus developed,1
3237,support construction,1
3238,modified user,1
3239,construction explanation,1
3240,institution epidemiological,1
3241,approach modeling,1
3242,handled bayesian,1
3243,genetics uncertainty,1
3244,support omplex,1
3245,environmentally caused,1
3246,omplex y_ncertain,1
3247,diagnosis environment,1
3248,several medical,1
3249,hypothesis recommending,1
3250,focus modeling,1
3251,help information,1
3252,creates bayesian,1
3253,environment designed,1
3254,developed collaboration,1
3255,contain built-in,1
3256,base may,1
3257,y_ncertain iubject,1
3258,fragile uncertain,1
3259,receiving help,1
3260,officer bank,1
3261,learns skill,1
3262,inside domain,1
3263,statement analysis,1
3264,applicable teaching,1
3265,act realistic,1
3266,fully operational,1
3267,role obtains,1
3268,financial statement,1
3269,test fra,1
3270,fra conducted,1
3271,architecture useful,1
3272,school management,1
3273,case method,1
3274,method usability,1
3275,financial report,1
3276,task inside,1
3277,assigned task,1
3278,proposed software,1
3279,several advantage,1
3280,goal based,1
3281,task describe,1
3282,variety realistic,1
3283,fra student,1
3284,management northwestern,1
3285,scenario ``,1
3286,advantage traditional,1
3287,lending officer,1
3288,analysis task,1
3289,realistic role,1
3290,northwestern university,1
3291,helpful coaching,1
3292,architecture applicable,1
3293,called goal,1
3294,obtains helpful,1
3295,analysis playing,1
3296,bank approach,1
3297,introduces software,1
3298,useful teaching,1
3299,real-world analysis,1
3300,student learns,1
3301,conducted student,1
3302,graduate school,1
3303,offer several,1
3304,class real-world,1
3305,student act,1
3306,architecture fra,1
3307,prototype system,1
3308,'' environment,1
3309,framework called,1
3310,approach offer,1
3311,operational prototype,1
3312,particular class,1
3313,university proposed,1
3314,business case,1
3315,software architecture,1
3316,role lending,1
3317,task based,1
3318,skill financial,1
3319,student kellogg,1
3320,business administration,1
3321,system financial,1
3322,describe fully,1
3323,kind teaching,1
3324,performing assigned,1
3325,fra built,1
3326,built using,1
3327,traditional business,1
3328,teaching variety,1
3329,analyst fra,1
3330,report analyst,1
3331,domain business,1
3332,teaching framework,1
3333,coaching performing,1
3334,kellogg graduate,1
3335,based kind,1
3336,based scenario,1
3337,playing role,1
3338,usability test,1
3339,accomplished tip,1
3340,planning engine,1
3341,cohesive turn,1
3342,generated text,1
3343,c sufficient,1
3344,longer complex,1
3345,want student,1
3346,structure pedagogical,1
3347,pay attention,1
3348,tip planner,1
3349,planner expect,1
3350,need organized,1
3351,engine based,1
3352,derive tutoring,1
3353,flow natural,1
3354,neither syntactic,1
3355,3 generate,1
3356,currently development,1
3357,text planning,1
3358,previous work,1
3359,understand text,1
3360,transcript session,1
3361,overly often,1
3362,generate longer,1
3363,text previous,1
3364,syntactic structure,1
3365,goal mentioned,1
3366,natural-language based,1
3367,planning v.,1
3368,session conducted,1
3369,text generation,1
3370,pattern c,1
3371,repeated overly,1
3372,based current,1
3373,organized cohesive,1
3374,cardiac physiology,1
3375,turn b,1
3376,natural conversation,1
3377,mentioned use,1
3378,generation describe,1
3379,tutor derive,1
3380,read pay,1
3381,research text,1
3382,expect circsim-tutor,1
3383,conducted expert,1
3384,b flow,1
3385,tip achieve,1
3386,use transcript,1
3387,text need,1
3388,complex natural,1
3389,variety neither,1
3390,v. 3,1
3391,based cardiac,1
3392,attention understand,1
3393,natural text,1
3394,development text,1
3395,physiology currently,1
3396,student read,1
3397,3 accomplished,1
3398,tip text,1
3399,circsim-tutor v.,1
3400,often circsim-tutor,1
3401,goal repeated,1
3402,current research,1
3403,describe tip,1
3404,achieve goal,1
3405,text generated,1
3406,pattern tip,1
3407,conversation pattern,1
3408,tip use,1
3409,3 natural-language,1
3410,tutoring pattern,1
3411,sufficient variety,1
3412,use tip,1
3413,activity year-long,1
3414,successful enabling,1
3415,grade level,1
3416,teaching/learning domain,1
3417,activity successful,1
3418,domain multidigit,1
3419,two predominantly-latino,1
3420,framework teaching/learning,1
3421,asian u.s.,1
3422,perspective teaching/learning,1
3423,perspective teaching,1
3424,research particular,1
3425,teaching experiment,1
3426,various extent,1
3427,extent teaching/learning,1
3428,3 pragmatic,1
3429,particular element,1
3430,thinking two,1
3431,theoretical perspective,1
3432,1 theoretical,1
3433,context research,1
3434,year-long classroom,1
3435,first grader,1
3436,ten structured,1
3437,teaching/learning activity,1
3438,sought support,1
3439,design framework,1
3440,present design,1
3441,predominantly-latino low-ses,1
3442,classroom one,1
3443,concept multidigit,1
3444,within framework,1
3445,framework generalize,1
3446,child multidigit,1
3447,look like,1
3448,multidigit concept,1
3449,u.s. child,1
3450,classroom teaching,1
3451,process 3,1
3452,element within,1
3453,task various,1
3454,multidigit addition,1
3455,enabling child,1
3456,pragmatic context,1
3457,child two,1
3458,one english,1
3459,one spanish-speaking,1
3460,level look,1
3461,experiment sought,1
3462,support first,1
3463,structured thinking,1
3464,framework outline,1
3465,generalize design,1
3466,low-ses urban,1
3467,class achieve,1
3468,urban classroom,1
3469,speaking one,1
3470,two class,1
3471,achieve grade,1
3472,like east,1
3473,2 theoretical,1
3474,grader ten,1
3475,english speaking,1
3476,spanish-speaking design,1
3477,subtraction 2,1
3478,east asian,1
3479,outline 1,1
3480,discus implication,1
3481,low-income at-risk,1
3482,individual developing,1
3483,approach vocational,1
3484,aspect technological,1
3485,probe aspect,1
3486,study individual,1
3487,aspect finally,1
3488,technological educational,1
3489,radically different,1
3490,vocational education,1
3491,twe radically,1
3492,work enterprise,1
3493,enterprise twe,1
3494,project successful,1
3495,culture highlight,1
3496,learning culture,1
3497,at-risk adolescent,1
3498,different learning,1
3499,work helped,1
3500,helped make,1
3501,finally paper,1
3502,initiative technology,1
3503,highlight aspect,1
3504,developing learning,1
3505,article probe,1
3506,us case,1
3507,infrastructure technology,1
3508,technology work,1
3509,environment low-income,1
3510,make project,1
3511,successful us,1
3512,project approach,1
3513,adolescent article,1
3514,implication project,1
3515,new initiative,1
3516,educational infrastructure,1
3517,thinking within,1
3518,teacher reveal,1
3519,framework emphasizes,1
3520,acceptance ofthe,1
3521,also ofproviding,1
3522,problem based,1
3523,teacher thinking,1
3524,technique also,1
3525,teacher using,1
3526,encountered implementing,1
3527,project sponsored,1
3528,pbl module,1
3529,support middle-school,1
3530,emphasizes relationship,1
3531,relationship betweenteacherbeliefs,1
3532,role technology,1
3533,student adapting,1
3534,re-view content,1
3535,effective classroom,1
3536,technology learning,1
3537,improvised teacher,1
3538,learning report,1
3539,role expectation,1
3540,ofthe philosophy,1
3541,practice project,1
3542,module acquire,1
3543,adapting unfamiliar,1
3544,pbl science,1
3545,approach reflection,1
3546,importance training,1
3547,classroom technique,1
3548,teacher appropriate,1
3549,constructivist framework,1
3550,within constructivist,1
3551,middle-school teacher,1
3552,pbl identifies,1
3553,difficulty encountered,1
3554,interview teacher,1
3555,infuses teaching,1
3556,based learning,1
3557,process encouraging,1
3558,new approach,1
3559,learning effective,1
3560,also enhance,1
3561,unfamiliar role,1
3562,appropriate classroom,1
3563,classroom observation,1
3564,enhance role,1
3565,expectation ofthe,1
3566,sponsored theedutechinstitut,1
3567,report ethnographic,1
3568,observation interview,1
3569,math class,1
3570,ofproviding ongoing,1
3571,theedutechinstitut georgia,1
3572,class seeking,1
3573,reflection infuses,1
3574,8th-grade science,1
3575,encouraging participant,1
3576,acquire deeper,1
3577,coping strategy,1
3578,develop context-sensitive,1
3579,strategy improvised,1
3580,ethnographic case,1
3581,philosophy underlying,1
3582,using problem,1
3583,knowledge learning,1
3584,georgia tech,1
3585,deeper understanding,1
3586,seeking also,1
3587,participant re-view,1
3588,discus specific,1
3589,ongoing support,1
3590,one 8th-grade,1
3591,approach classroom,1
3592,underlying new,1
3593,reveal importance,1
3594,specific difficulty,1
3595,ofthe pbl,1
3596,context-sensitive pbl,1
3597,understanding acceptance,1
3598,pbl approach,1
3599,tech provides,1
3600,implementing pbl,1
3601,training teacher,1
3602,provides training,1
3603,betweenteacherbeliefs teaching,1
3604,science math,1
3605,support develop,1
3606,class discus,1
3607,training support,1
3608,content knowledge,1
3609,identifies coping,1
3610,learner thinking,1
3611,genderflexing '',1
3612,use analog,1
3613,medium become,1
3614,real-world issue,1
3615,gender identity,1
3616,analog digital,1
3617,non-traditional science,1
3618,support personal,1
3619,scientific issue,1
3620,empirical study,1
3621,problem preventing,1
3622,multimedia analysis,1
3623,endangered rain,1
3624,analysis tool,1
3625,year student,1
3626,flexible construct,1
3627,rain forest,1
3628,issue one,1
3629,previously defined,1
3630,world especially,1
3631,extensive use,1
3632,student girl,1
3633,previous empirical,1
3634,digital video,1
3635,boy engaging,1
3636,beyond traditional,1
3637,multimedia artifact,1
3638,need opportunity,1
3639,issue issue,1
3640,learner become,1
3641,knowing world,1
3642,epistemological boundary,1
3643,invite learner,1
3644,content address,1
3645,indicate digital,1
3646,environment support,1
3647,extending beyond,1
3648,relational way,1
3649,opportunity ``,1
3650,address real-world,1
3651,artifact community,1
3652,suggested previous,1
3653,way knowing,1
3654,'' extending,1
3655,relevant life,1
3656,clayoquot sound,1
3657,made gender,1
3658,digital medium,1
3659,topic local,1
3660,made extensive,1
3661,traditional epistemological,1
3662,examine learner,1
3663,studying scientific,1
3664,called clayoquot,1
3665,become active,1
3666,science education,1
3667,issue relevant,1
3668,sound two,1
3669,girl boy,1
3670,paper multimedia,1
3671,study natural,1
3672,forest called,1
3673,student built,1
3674,personal narrative,1
3675,range paper,1
3676,science issue,1
3677,narrative relational,1
3678,preventing non-traditional,1
3679,internet result,1
3680,introduced topic,1
3681,`` genderflexing,1
3682,identity flexible,1
3683,video multimedia,1
3684,investigator made,1
3685,young people,1
3686,engaging study,1
3687,learn cross,1
3688,people learn,1
3689,issue introduced,1
3690,confined science,1
3691,become learning,1
3692,world examine,1
3693,active studying,1
3694,boy need,1
3695,defined confined,1
3696,ethnography indicate,1
3697,local endangered,1
3698,one conclusion,1
3699,study girl,1
3700,community investigator,1
3701,construct suggested,1
3702,better understand,1
3703,conclusion made,1
3704,especially content,1
3705,two year,1
3706,cross boundary,1
3707,boundary genderflexing,1
3708,built range,1
3709,genderflexing young,1
3710,tool internet,1
3711,understand problem,1
3712,result ethnography,1
3713,thinking science,1
3714,natural world,1
3715,boundary previously,1
3716,life invite,1
